timestamp,Q
8/14/2017 0:00,47.1
8/14/2017 0:15,47.1
8/14/2017 0:30,47.8
8/14/2017 0:45,47.1
8/14/2017 1:00,46.4
8/14/2017 1:15,46.4
8/14/2017 1:30,46.4
8/14/2017 1:45,47.1
8/14/2017 2:00,46.4
8/14/2017 2:15,47.1
8/14/2017 2:30,46.4
8/14/2017 2:45,47.1
8/14/2017 3:00,47.1
8/14/2017 3:15,47.1
8/14/2017 3:30,44.9
8/14/2017 3:45,46.4
8/14/2017 4:00,47.1
8/14/2017 4:15,46.4
8/14/2017 4:30,46.4
8/14/2017 4:45,47.1
8/14/2017 5:00,47.1
8/14/2017 5:15,47.1
8/14/2017 5:30,46.4
8/14/2017 5:45,47.8
8/14/2017 6:00,47.1
8/14/2017 6:15,44.9
8/14/2017 6:30,47.1
8/14/2017 6:45,46.4
8/14/2017 7:00,47.1
8/14/2017 7:15,45.7
8/14/2017 7:30,44.9
8/14/2017 7:45,45.7
8/14/2017 8:00,45.7
8/14/2017 8:15,46.4
8/14/2017 8:30,45.7
8/14/2017 8:45,46.4
8/14/2017 9:00,45.7
8/14/2017 9:15,46.4
8/14/2017 9:30,45.7
8/14/2017 9:45,46.4
8/14/2017 10:00,46.4
8/14/2017 10:15,46.4
8/14/2017 10:30,45.7
8/14/2017 10:45,46.4
8/14/2017 11:00,46.4
8/14/2017 11:15,45.7
8/14/2017 11:30,44.9
8/14/2017 11:45,46.4
8/14/2017 12:00,46.4
8/14/2017 12:15,45.7
8/14/2017 12:30,44.2
8/14/2017 12:45,44.9
8/14/2017 13:00,44.2
8/14/2017 13:15,44.9
8/14/2017 13:30,44.9
8/14/2017 13:45,45.7
8/14/2017 14:00,44.9
8/14/2017 14:15,44.9
8/14/2017 14:30,45.7
8/14/2017 14:45,43.5
8/14/2017 15:00,44.2
8/14/2017 15:15,44.2
8/14/2017 15:30,44.2
8/14/2017 15:45,44.9
8/14/2017 16:00,43.5
8/14/2017 16:15,43.5
8/14/2017 16:30,43.5
8/14/2017 16:45,44.9
8/14/2017 17:00,42.8
8/14/2017 17:15,43.5
8/14/2017 17:30,43.5
8/14/2017 17:45,43.5
8/14/2017 18:00,42.8
8/14/2017 18:15,42.1
8/14/2017 18:30,42.8
8/14/2017 18:45,41.5
8/14/2017 19:00,42.8
8/14/2017 19:15,41.5
8/14/2017 19:30,41.5
8/14/2017 19:45,41.5
8/14/2017 20:00,41.5
8/14/2017 20:15,42.1
8/14/2017 20:30,41.5
8/14/2017 20:45,41.5
8/14/2017 21:00,41.5
8/14/2017 21:15,40.8
8/14/2017 21:30,40.8
8/14/2017 21:45,40.8
8/14/2017 22:00,40.1
8/14/2017 22:15,40.8
8/14/2017 22:30,40.1
8/14/2017 22:45,39.4
8/14/2017 23:00,40.8
8/14/2017 23:15,39.4
8/14/2017 23:30,40.1
8/14/2017 23:45,40.8
8/15/2017 0:00,40.8
8/15/2017 0:15,40.8
8/15/2017 0:30,40.8
8/15/2017 0:45,40.1
8/15/2017 1:00,40.1
8/15/2017 1:15,40.1
8/15/2017 1:30,39.4
8/15/2017 1:45,39.4
8/15/2017 2:00,40.1
8/15/2017 2:15,38.8
8/15/2017 2:30,40.1
8/15/2017 2:45,40.1
8/15/2017 3:00,40.1
8/15/2017 3:15,39.4
8/15/2017 3:30,39.4
8/15/2017 3:45,40.1
8/15/2017 4:00,39.4
8/15/2017 4:15,40.1
8/15/2017 4:30,38.8
8/15/2017 4:45,40.8
8/15/2017 5:00,38.8
8/15/2017 5:15,39.4
8/15/2017 5:30,40.1
8/15/2017 5:45,38.8
8/15/2017 6:00,40.1
8/15/2017 6:15,40.1
8/15/2017 6:30,38.8
8/15/2017 6:45,40.1
8/15/2017 7:00,39.4
8/15/2017 7:15,38.8
8/15/2017 7:30,39.4
8/15/2017 7:45,40.1
8/15/2017 8:00,40.1
8/15/2017 8:15,40.1
8/15/2017 8:30,40.8
8/15/2017 8:45,39.4
8/15/2017 9:00,39.4
8/15/2017 9:15,40.1
8/15/2017 9:30,39.4
8/15/2017 9:45,39.4
8/15/2017 10:00,39.4
8/15/2017 10:15,40.1
8/15/2017 10:30,39.4
8/15/2017 10:45,40.1
8/15/2017 11:00,40.8
8/15/2017 11:15,39.4
8/15/2017 11:30,40.8
8/15/2017 11:45,41.5
8/15/2017 12:00,40.8
8/15/2017 12:15,40.1
8/15/2017 12:30,40.8
8/15/2017 12:45,41.5
8/15/2017 13:00,39.4
8/15/2017 13:15,41.5
8/15/2017 13:30,41.5
8/15/2017 13:45,41.5
8/15/2017 14:00,40.1
8/15/2017 14:15,40.8
8/15/2017 14:30,40.1
8/15/2017 14:45,40.8
8/15/2017 15:00,40.8
8/15/2017 15:15,39.4
8/15/2017 15:30,39.4
8/15/2017 15:45,40.8
8/15/2017 16:00,39.4
8/15/2017 16:15,40.1
8/15/2017 16:30,40.1
8/15/2017 16:45,40.1
8/15/2017 17:00,40.8
8/15/2017 17:15,37.4
8/15/2017 17:30,38.8
8/15/2017 17:45,40.1
8/15/2017 18:00,38.8
8/15/2017 18:15,38.8
8/15/2017 18:30,38.8
8/15/2017 18:45,39.4
8/15/2017 19:00,39.4
8/15/2017 19:15,38.8
8/15/2017 19:30,38.1
8/15/2017 19:45,38.1
8/15/2017 20:00,38.8
8/15/2017 20:15,37.4
8/15/2017 20:30,38.1
8/15/2017 20:45,37.4
8/15/2017 21:00,37.4
8/15/2017 21:15,36.8
8/15/2017 21:30,36.8
8/15/2017 21:45,38.1
8/15/2017 22:00,36.8
8/15/2017 22:15,36.8
8/15/2017 22:30,37.4
8/15/2017 22:45,37.4
8/15/2017 23:00,37.4
8/15/2017 23:15,37.4
8/15/2017 23:30,37.4
8/15/2017 23:45,36.8
8/16/2017 0:00,37.4
8/16/2017 0:15,37.4
8/16/2017 0:30,36.8
8/16/2017 0:45,37.4
8/16/2017 1:00,36.8
8/16/2017 1:15,36.8
8/16/2017 1:30,36.8
8/16/2017 1:45,36.8
8/16/2017 2:00,36.1
8/16/2017 2:15,36.8
8/16/2017 2:30,37.4
8/16/2017 2:45,36.8
8/16/2017 3:00,37.4
8/16/2017 3:15,35.5
8/16/2017 3:30,36.8
8/16/2017 3:45,37.4
8/16/2017 4:00,37.4
8/16/2017 4:15,37.4
8/16/2017 4:30,37.4
8/16/2017 4:45,36.8
8/16/2017 5:00,36.8
8/16/2017 5:15,38.1
8/16/2017 5:30,36.8
8/16/2017 5:45,38.1
8/16/2017 6:00,36.8
8/16/2017 6:15,38.1
8/16/2017 6:30,37.4
8/16/2017 6:45,37.4
8/16/2017 7:00,38.1
8/16/2017 7:15,37.4
8/16/2017 7:30,37.4
8/16/2017 7:45,38.1
8/16/2017 8:00,36.8
8/16/2017 8:15,37.4
8/16/2017 8:30,36.8
8/16/2017 8:45,38.1
8/16/2017 9:00,37.4
8/16/2017 9:15,38.1
8/16/2017 9:30,37.4
8/16/2017 9:45,38.1
8/16/2017 10:00,38.1
8/16/2017 10:15,38.1
8/16/2017 10:30,38.8
8/16/2017 10:45,38.1
8/16/2017 11:00,39.4
8/16/2017 11:15,37.4
8/16/2017 11:30,38.8
8/16/2017 11:45,38.8
8/16/2017 12:00,39.4
8/16/2017 12:15,39.4
8/16/2017 12:30,39.4
8/16/2017 12:45,40.1
8/16/2017 13:00,38.8
8/16/2017 13:15,39.4
8/16/2017 13:30,40.1
8/16/2017 13:45,40.1
8/16/2017 14:00,40.1
8/16/2017 14:15,39.4
8/16/2017 14:30,38.8
8/16/2017 14:45,38.8
8/16/2017 15:00,39.4
8/16/2017 15:15,38.8
8/16/2017 15:30,40.1
8/16/2017 15:45,39.4
8/16/2017 16:00,39.4
8/16/2017 16:15,39.4
8/16/2017 16:30,38.8
8/16/2017 16:45,39.4
8/16/2017 17:00,39.4
8/16/2017 17:15,40.8
8/16/2017 17:30,40.8
8/16/2017 17:45,41.5
8/16/2017 18:00,41.5
8/16/2017 18:15,42.1
8/16/2017 18:30,43.5
8/16/2017 18:45,43.5
8/16/2017 19:00,44.2
8/16/2017 19:15,42.1
8/16/2017 19:30,42.8
8/16/2017 19:45,42.1
8/16/2017 20:00,42.8
8/16/2017 20:15,41.5
8/16/2017 20:30,42.1
8/16/2017 20:45,40.8
8/16/2017 21:00,40.8
8/16/2017 21:15,39.4
8/16/2017 21:30,41.5
8/16/2017 21:45,40.1
8/16/2017 22:00,40.8
8/16/2017 22:15,40.1
8/16/2017 22:30,40.8
8/16/2017 22:45,40.1
8/16/2017 23:00,39.4
8/16/2017 23:15,40.8
8/16/2017 23:30,41.5
8/16/2017 23:45,42.1
8/17/2017 0:00,43.5
8/17/2017 0:15,43.5
8/17/2017 0:30,41.5
8/17/2017 0:45,43.5
8/17/2017 1:00,42.1
8/17/2017 1:15,43.5
8/17/2017 1:30,42.1
8/17/2017 1:45,42.8
8/17/2017 2:00,42.1
8/17/2017 2:15,42.1
8/17/2017 2:30,41.5
8/17/2017 2:45,42.1
8/17/2017 3:00,41.5
8/17/2017 3:15,42.1
8/17/2017 3:30,41.5
8/17/2017 3:45,42.1
8/17/2017 4:00,43.5
8/17/2017 4:15,43.5
8/17/2017 4:30,42.8
8/17/2017 4:45,44.9
8/17/2017 5:00,44.9
8/17/2017 5:15,44.9
8/17/2017 5:30,44.9
8/17/2017 5:45,46.4
8/17/2017 6:00,46.4
8/17/2017 6:15,46.4
8/17/2017 6:30,49.3
8/17/2017 6:45,50
8/17/2017 7:00,53
8/17/2017 7:15,56.1
8/17/2017 7:30,57.7
8/17/2017 7:45,57.7
8/17/2017 8:00,58.5
8/17/2017 8:15,60.1
8/17/2017 8:30,59.3
8/17/2017 8:45,60.9
8/17/2017 9:00,62.5
8/17/2017 9:15,64.2
8/17/2017 9:30,65
8/17/2017 9:45,65.9
8/17/2017 10:00,65.9
8/17/2017 10:15,67.5
8/17/2017 10:30,70.1
8/17/2017 10:45,71
8/17/2017 11:00,71
8/17/2017 11:15,73.6
8/17/2017 11:30,74.5
8/17/2017 11:45,75.4
8/17/2017 12:00,76.2
8/17/2017 12:15,76.2
8/17/2017 12:30,78
8/17/2017 12:45,78.9
8/17/2017 13:00,79.9
8/17/2017 13:15,79.9
8/17/2017 13:30,79.9
8/17/2017 13:45,81.7
8/17/2017 14:00,80.8
8/17/2017 14:15,79.9
8/17/2017 14:30,79.9
8/17/2017 14:45,79.9
8/17/2017 15:00,80.8
8/17/2017 15:15,79.9
8/17/2017 15:30,80.8
8/17/2017 15:45,79.9
8/17/2017 16:00,79.9
8/17/2017 16:15,78
8/17/2017 16:30,78.9
8/17/2017 16:45,77.1
8/17/2017 17:00,76.2
8/17/2017 17:15,76.2
8/17/2017 17:30,77.1
8/17/2017 17:45,74.5
8/17/2017 18:00,75.4
8/17/2017 18:15,74.5
8/17/2017 18:30,75.4
8/17/2017 18:45,74.5
8/17/2017 19:00,73.6
8/17/2017 19:15,72.7
8/17/2017 19:30,72.7
8/17/2017 19:45,72.7
8/17/2017 20:00,73.6
8/17/2017 20:15,73.6
8/17/2017 20:30,71.8
8/17/2017 20:45,73.6
8/17/2017 21:00,71.8
8/17/2017 21:15,71.8
8/17/2017 21:30,70.1
8/17/2017 21:45,71.8
8/17/2017 22:00,71.8
8/17/2017 22:15,71.8
8/17/2017 22:30,69.2
8/17/2017 22:45,69.2
8/17/2017 23:00,69.2
8/17/2017 23:15,71
8/17/2017 23:30,71
8/17/2017 23:45,70.1
8/18/2017 0:00,70.1
8/18/2017 0:15,70.1
8/18/2017 0:30,70.1
8/18/2017 0:45,68.4
8/18/2017 1:00,68.4
8/18/2017 1:15,68.4
8/18/2017 1:30,70.1
8/18/2017 1:45,68.4
8/18/2017 2:00,68.4
8/18/2017 2:15,68.4
8/18/2017 2:30,70.1
8/18/2017 2:45,69.2
8/18/2017 3:00,70.1
8/18/2017 3:15,71
8/18/2017 3:30,71
8/18/2017 3:45,69.2
8/18/2017 4:00,69.2
8/18/2017 4:15,69.2
8/18/2017 4:30,71.8
8/18/2017 4:45,71
8/18/2017 5:00,70.1
8/18/2017 5:15,71.8
8/18/2017 5:30,71.8
8/18/2017 5:45,71
8/18/2017 6:00,72.7
8/18/2017 6:15,71
8/18/2017 6:30,72.7
8/18/2017 6:45,72.7
8/18/2017 7:00,71.8
8/18/2017 7:15,71.8
8/18/2017 7:30,71
8/18/2017 7:45,71.8
8/18/2017 8:00,71
8/18/2017 8:15,70.1
8/18/2017 8:30,72.7
8/18/2017 8:45,70.1
8/18/2017 9:00,71
8/18/2017 9:15,71.8
8/18/2017 9:30,71.8
8/18/2017 9:45,71.8
8/18/2017 10:00,71.8
8/18/2017 10:15,70.1
8/18/2017 10:30,70.1
8/18/2017 10:45,71.8
8/18/2017 11:00,70.1
8/18/2017 11:15,71
8/18/2017 11:30,71
8/18/2017 11:45,70.1
8/18/2017 12:00,69.2
8/18/2017 12:15,71
8/18/2017 12:30,70.1
8/18/2017 12:45,69.2
8/18/2017 13:00,70.1
8/18/2017 13:15,69.2
8/18/2017 13:30,67.5
8/18/2017 13:45,68.4
8/18/2017 14:00,68.4
8/18/2017 14:15,70.1
8/18/2017 14:30,68.4
8/18/2017 14:45,67.5
8/18/2017 15:00,68.4
8/18/2017 15:15,68.4
8/18/2017 15:30,68.4
8/18/2017 15:45,69.2
8/18/2017 16:00,68.4
8/18/2017 16:15,69.2
8/18/2017 16:30,68.4
8/18/2017 16:45,68.4
8/18/2017 17:00,66.7
8/18/2017 17:15,67.5
8/18/2017 17:30,68.4
8/18/2017 17:45,65.9
8/18/2017 18:00,65.9
8/18/2017 18:15,66.7
8/18/2017 18:30,66.7
8/18/2017 18:45,66.7
8/18/2017 19:00,65
8/18/2017 19:15,64.2
8/18/2017 19:30,65.9
8/18/2017 19:45,65
8/18/2017 20:00,64.2
8/18/2017 20:15,64.2
8/18/2017 20:30,62.5
8/18/2017 20:45,62.5
8/18/2017 21:00,64.2
8/18/2017 21:15,64.2
8/18/2017 21:30,63.4
8/18/2017 21:45,62.5
8/18/2017 22:00,63.4
8/18/2017 22:15,62.5
8/18/2017 22:30,60.9
8/18/2017 22:45,61.7
8/18/2017 23:00,63.4
8/18/2017 23:15,62.5
8/18/2017 23:30,61.7
8/18/2017 23:45,60.9
8/19/2017 0:00,61.7
8/19/2017 0:15,60.9
8/19/2017 0:30,60.9
8/19/2017 0:45,61.7
8/19/2017 1:00,61.7
8/19/2017 1:15,60.1
8/19/2017 1:30,60.1
8/19/2017 1:45,60.1
8/19/2017 2:00,61.7
8/19/2017 2:15,60.1
8/19/2017 2:30,60.1
8/19/2017 2:45,61.7
8/19/2017 3:00,60.1
8/19/2017 3:15,60.1
8/19/2017 3:30,60.1
8/19/2017 3:45,60.9
8/19/2017 4:00,61.7
8/19/2017 4:15,60.9
8/19/2017 4:30,61.7
8/19/2017 4:45,60.1
8/19/2017 5:00,61.7
8/19/2017 5:15,60.9
8/19/2017 5:30,60.1
8/19/2017 5:45,60.1
8/19/2017 6:00,61.7
8/19/2017 6:15,61.7
8/19/2017 6:30,61.7
8/19/2017 6:45,60.9
8/19/2017 7:00,59.3
8/19/2017 7:15,60.9
8/19/2017 7:30,60.1
8/19/2017 7:45,61.7
8/19/2017 8:00,61.7
8/19/2017 8:15,60.1
8/19/2017 8:30,60.1
8/19/2017 8:45,60.1
8/19/2017 9:00,60.9
8/19/2017 9:15,60.1
8/19/2017 9:30,60.9
8/19/2017 9:45,61.7
8/19/2017 10:00,60.1
8/19/2017 10:15,60.1
8/19/2017 10:30,60.9
8/19/2017 10:45,59.3
8/19/2017 11:00,60.9
8/19/2017 11:15,60.1
8/19/2017 11:30,58.5
8/19/2017 11:45,59.3
8/19/2017 12:00,59.3
8/19/2017 12:15,59.3
8/19/2017 12:30,57.7
8/19/2017 12:45,57.7
8/19/2017 13:00,58.5
8/19/2017 13:15,56.9
8/19/2017 13:30,56.1
8/19/2017 13:45,56.9
8/19/2017 14:00,56.1
8/19/2017 14:15,56.9
8/19/2017 14:30,56.9
8/19/2017 14:45,56.9
8/19/2017 15:00,56.9
8/19/2017 15:15,55.4
8/19/2017 15:30,56.1
8/19/2017 15:45,56.1
8/19/2017 16:00,56.9
8/19/2017 16:15,55.4
8/19/2017 16:30,55.4
8/19/2017 16:45,56.1
8/19/2017 17:00,55.4
8/19/2017 17:15,55.4
8/19/2017 17:30,55.4
8/19/2017 17:45,54.6
8/19/2017 18:00,55.4
8/19/2017 18:15,55.4
8/19/2017 18:30,53.8
8/19/2017 18:45,55.4
8/19/2017 19:00,53.8
8/19/2017 19:15,53
8/19/2017 19:30,54.6
8/19/2017 19:45,53.8
8/19/2017 20:00,53.8
8/19/2017 20:15,52.3
8/19/2017 20:30,53
8/19/2017 20:45,52.3
8/19/2017 21:00,50.8
8/19/2017 21:15,51.5
8/19/2017 21:30,52.3
8/19/2017 21:45,51.5
8/19/2017 22:00,50
8/19/2017 22:15,51.5
8/19/2017 22:30,51.5
8/19/2017 22:45,50
8/19/2017 23:00,50.8
8/19/2017 23:15,49.3
8/19/2017 23:30,49.3
8/19/2017 23:45,49.3
8/20/2017 0:00,49.3
8/20/2017 0:15,48.6
8/20/2017 0:30,50
8/20/2017 0:45,48.6
8/20/2017 1:00,50
8/20/2017 1:15,49.3
8/20/2017 1:30,47.8
8/20/2017 1:45,47.8
8/20/2017 2:00,47.8
8/20/2017 2:15,47.1
8/20/2017 2:30,47.8
8/20/2017 2:45,47.8
8/20/2017 3:00,48.6
8/20/2017 3:15,48.6
8/20/2017 3:30,48.6
8/20/2017 3:45,47.8
8/20/2017 4:00,47.8
8/20/2017 4:15,48.6
8/20/2017 4:30,49.3
8/20/2017 4:45,50
8/20/2017 5:00,50
8/20/2017 5:15,48.6
8/20/2017 5:30,49.3
8/20/2017 5:45,49.3
8/20/2017 6:00,49.3
8/20/2017 6:15,50
8/20/2017 6:30,50
8/20/2017 6:45,50
8/20/2017 7:00,48.6
8/20/2017 7:15,50
8/20/2017 7:30,48.6
8/20/2017 7:45,50
8/20/2017 8:00,48.6
8/20/2017 8:15,49.3
8/20/2017 8:30,48.6
8/20/2017 8:45,49.3
8/20/2017 9:00,48.6
8/20/2017 9:15,50
8/20/2017 9:30,49.3
8/20/2017 9:45,49.3
8/20/2017 10:00,48.6
8/20/2017 10:15,48.6
8/20/2017 10:30,47.8
8/20/2017 10:45,47.8
8/20/2017 11:00,48.6
8/20/2017 11:15,48.6
8/20/2017 11:30,48.6
8/20/2017 11:45,47.8
8/20/2017 12:00,47.8
8/20/2017 12:15,48.6
8/20/2017 12:30,47.1
8/20/2017 12:45,46.4
8/20/2017 13:00,46.4
8/20/2017 13:15,47.1
8/20/2017 13:30,47.1
8/20/2017 13:45,47.1
8/20/2017 14:00,47.1
8/20/2017 14:15,47.1
8/20/2017 14:30,46.4
8/20/2017 14:45,47.8
8/20/2017 15:00,46.4
8/20/2017 15:15,46.4
8/20/2017 15:30,46.4
8/20/2017 15:45,47.8
8/20/2017 16:00,47.1
8/20/2017 16:15,47.1
8/20/2017 16:30,44.9
8/20/2017 16:45,46.4
8/20/2017 17:00,45.7
8/20/2017 17:15,47.1
8/20/2017 17:30,46.4
8/20/2017 17:45,45.7
8/20/2017 18:00,46.4
8/20/2017 18:15,45.7
8/20/2017 18:30,44.9
8/20/2017 18:45,46.4
8/20/2017 19:00,44.9
8/20/2017 19:15,46.4
8/20/2017 19:30,44.9
8/20/2017 19:45,44.9
8/20/2017 20:00,44.2
8/20/2017 20:15,44.9
8/20/2017 20:30,44.9
8/20/2017 20:45,44.2
8/20/2017 21:00,45.7
8/20/2017 21:15,44.9
8/20/2017 21:30,42.8
8/20/2017 21:45,44.9
8/20/2017 22:00,43.5
8/20/2017 22:15,43.5
8/20/2017 22:30,43.5
8/20/2017 22:45,42.8
8/20/2017 23:00,43.5
8/20/2017 23:15,44.2
8/20/2017 23:30,43.5
8/20/2017 23:45,42.8
8/21/2017 0:00,42.8
8/21/2017 0:15,44.2
8/21/2017 0:30,42.1
8/21/2017 0:45,43.5
8/21/2017 1:00,42.1
8/21/2017 1:15,43.5
8/21/2017 1:30,43.5
8/21/2017 1:45,41.5
8/21/2017 2:00,42.8
8/21/2017 2:15,42.1
8/21/2017 2:30,41.5
8/21/2017 2:45,40.8
8/21/2017 3:00,41.5
8/21/2017 3:15,42.1
8/21/2017 3:30,41.5
8/21/2017 3:45,42.1
8/21/2017 4:00,42.8
8/21/2017 4:15,42.8
8/21/2017 4:30,42.8
8/21/2017 4:45,41.5
8/21/2017 5:00,42.1
8/21/2017 5:15,42.8
8/21/2017 5:30,42.8
8/21/2017 5:45,42.8
8/21/2017 6:00,42.8
8/21/2017 6:15,42.1
8/21/2017 6:30,42.8
8/21/2017 6:45,42.8
8/21/2017 7:00,42.1
8/21/2017 7:15,42.8
8/21/2017 7:30,42.8
8/21/2017 7:45,42.1
8/21/2017 8:00,42.8
8/21/2017 8:15,43.5
8/21/2017 8:30,44.2
8/21/2017 8:45,42.8
8/21/2017 9:00,42.8
8/21/2017 9:15,44.2
8/21/2017 9:30,42.8
8/21/2017 9:45,43.5
8/21/2017 10:00,42.8
8/21/2017 10:15,42.8
8/21/2017 10:30,42.8
8/21/2017 10:45,43.5
8/21/2017 11:00,42.8
8/21/2017 11:15,42.8
8/21/2017 11:30,43.5
8/21/2017 11:45,42.1
8/21/2017 12:00,44.2
8/21/2017 12:15,42.8
8/21/2017 12:30,43.5
8/21/2017 12:45,45.7
8/21/2017 13:00,45.7
8/21/2017 13:15,46.4
8/21/2017 13:30,48.6
8/21/2017 13:45,49.3
8/21/2017 14:00,50.8
8/21/2017 14:15,52.3
8/21/2017 14:30,53
8/21/2017 14:45,52.3
8/21/2017 15:00,52.3
8/21/2017 15:15,51.5
8/21/2017 15:30,53.8
8/21/2017 15:45,53
8/21/2017 16:00,50.8
8/21/2017 16:15,51.5
8/21/2017 16:30,50
8/21/2017 16:45,50.8
8/21/2017 17:00,49.3
8/21/2017 17:15,47.8
8/21/2017 17:30,48.6
8/21/2017 17:45,46.4
8/21/2017 18:00,47.8
8/21/2017 18:15,45.7
8/21/2017 18:30,44.9
8/21/2017 18:45,44.9
8/21/2017 19:00,45.7
8/21/2017 19:15,44.9
8/21/2017 19:30,44.9
8/21/2017 19:45,44.2
8/21/2017 20:00,43.5
8/21/2017 20:15,43.5
8/21/2017 20:30,42.8
8/21/2017 20:45,42.8
8/21/2017 21:00,42.1
8/21/2017 21:15,41.5
8/21/2017 21:30,42.1
8/21/2017 21:45,41.5
8/21/2017 22:00,40.8
8/21/2017 22:15,40.8
8/21/2017 22:30,40.8
8/21/2017 22:45,40.8
8/21/2017 23:00,40.1
8/21/2017 23:15,40.8
8/21/2017 23:30,40.1
8/21/2017 23:45,39.4
8/22/2017 0:00,40.1
8/22/2017 0:15,40.1
8/22/2017 0:30,39.4
8/22/2017 0:45,40.8
8/22/2017 1:00,40.1
8/22/2017 1:15,39.4
8/22/2017 1:30,39.4
8/22/2017 1:45,40.1
8/22/2017 2:00,38.8
8/22/2017 2:15,38.8
8/22/2017 2:30,38.1
8/22/2017 2:45,39.4
8/22/2017 3:00,38.1
8/22/2017 3:15,38.1
8/22/2017 3:30,38.8
8/22/2017 3:45,38.8
8/22/2017 4:00,39.4
8/22/2017 4:15,40.1
8/22/2017 4:30,38.8
8/22/2017 4:45,40.1
8/22/2017 5:00,38.8
8/22/2017 5:15,39.4
8/22/2017 5:30,40.8
8/22/2017 5:45,40.8
8/22/2017 6:00,40.1
8/22/2017 6:15,39.4
8/22/2017 6:30,40.8
8/22/2017 6:45,40.1
8/22/2017 7:00,40.1
8/22/2017 7:15,40.8
8/22/2017 7:30,40.8
8/22/2017 7:45,40.8
8/22/2017 8:00,40.1
8/22/2017 8:15,40.8
8/22/2017 8:30,41.5
8/22/2017 8:45,40.8
8/22/2017 9:00,41.5
8/22/2017 9:15,40.8
8/22/2017 9:30,41.5
8/22/2017 9:45,41.5
8/22/2017 10:00,41.5
8/22/2017 10:15,40.8
8/22/2017 10:30,40.8
8/22/2017 10:45,41.5
8/22/2017 11:00,42.1
8/22/2017 11:15,42.1
8/22/2017 11:30,41.5
8/22/2017 11:45,42.1
8/22/2017 12:00,42.1
8/22/2017 12:15,41.5
8/22/2017 12:30,41.5
8/22/2017 12:45,42.1
8/22/2017 13:00,42.1
8/22/2017 13:15,41.5
8/22/2017 13:30,41.5
8/22/2017 13:45,41.5
8/22/2017 14:00,42.8
8/22/2017 14:15,42.1
8/22/2017 14:30,42.1
8/22/2017 14:45,42.8
8/22/2017 15:00,42.1
8/22/2017 15:15,42.8
8/22/2017 15:30,42.8
8/22/2017 15:45,42.8
8/22/2017 16:00,42.1
8/22/2017 16:15,42.8
8/22/2017 16:30,42.8
8/22/2017 16:45,42.8
8/22/2017 17:00,42.1
8/22/2017 17:15,40.8
8/22/2017 17:30,42.1
8/22/2017 17:45,42.1
8/22/2017 18:00,40.8
8/22/2017 18:15,42.1
8/22/2017 18:30,42.1
8/22/2017 18:45,40.1
8/22/2017 19:00,40.8
8/22/2017 19:15,41.5
8/22/2017 19:30,41.5
8/22/2017 19:45,40.8
8/22/2017 20:00,40.8
8/22/2017 20:15,40.1
8/22/2017 20:30,39.4
8/22/2017 20:45,41.5
8/22/2017 21:00,39.4
8/22/2017 21:15,40.8
8/22/2017 21:30,40.8
8/22/2017 21:45,40.8
8/22/2017 22:00,40.8
8/22/2017 22:15,40.8
8/22/2017 22:30,40.8
8/22/2017 22:45,39.4
8/22/2017 23:00,40.1
8/22/2017 23:15,39.4
8/22/2017 23:30,39.4
8/22/2017 23:45,40.8
8/23/2017 0:00,40.1
8/23/2017 0:15,40.1
8/23/2017 0:30,38.8
8/23/2017 0:45,40.1
8/23/2017 1:00,38.1
8/23/2017 1:15,38.8
8/23/2017 1:30,38.1
8/23/2017 1:45,38.8
8/23/2017 2:00,38.1
8/23/2017 2:15,38.1
8/23/2017 2:30,38.8
8/23/2017 2:45,38.8
8/23/2017 3:00,38.1
8/23/2017 3:15,38.1
8/23/2017 3:30,38.8
8/23/2017 3:45,39.4
8/23/2017 4:00,39.4
8/23/2017 4:15,38.8
8/23/2017 4:30,38.8
8/23/2017 4:45,38.8
8/23/2017 5:00,37.4
8/23/2017 5:15,38.8
8/23/2017 5:30,37.4
8/23/2017 5:45,38.1
8/23/2017 6:00,39.4
8/23/2017 6:15,38.1
8/23/2017 6:30,38.8
8/23/2017 6:45,38.8
8/23/2017 7:00,38.8
8/23/2017 7:15,38.1
8/23/2017 7:30,39.4
8/23/2017 7:45,40.1
8/23/2017 8:00,39.4
8/23/2017 8:15,40.1
8/23/2017 8:30,40.1
8/23/2017 8:45,39.4
8/23/2017 9:00,39.4
8/23/2017 9:15,39.4
8/23/2017 9:30,39.4
8/23/2017 9:45,39.4
8/23/2017 10:00,40.1
8/23/2017 10:15,40.1
8/23/2017 10:30,40.1
8/23/2017 10:45,39.4
8/23/2017 11:00,40.1
8/23/2017 11:15,41.5
8/23/2017 11:30,40.1
8/23/2017 11:45,41.5
8/23/2017 12:00,40.8
8/23/2017 12:15,40.1
8/23/2017 12:30,40.1
8/23/2017 12:45,39.4
8/23/2017 13:00,39.4
8/23/2017 13:15,40.8
8/23/2017 13:30,39.4
8/23/2017 13:45,40.1
8/23/2017 14:00,38.8
8/23/2017 14:15,39.4
8/23/2017 14:30,38.1
8/23/2017 14:45,38.1
8/23/2017 15:00,39.4
8/23/2017 15:15,38.8
8/23/2017 15:30,37.4
8/23/2017 15:45,36.8
8/23/2017 16:00,36.8
8/23/2017 16:15,36.1
8/23/2017 16:30,37.4
8/23/2017 16:45,36.1
8/23/2017 17:00,36.8
8/23/2017 17:15,36.1
8/23/2017 17:30,36.1
8/23/2017 17:45,36.8
8/23/2017 18:00,34.8
8/23/2017 18:15,34.8
8/23/2017 18:30,34.8
8/23/2017 18:45,34.2
8/23/2017 19:00,34.8
8/23/2017 19:15,34.2
8/23/2017 19:30,34.8
8/23/2017 19:45,34.2
8/23/2017 20:00,34.8
8/23/2017 20:15,34.2
8/23/2017 20:30,33.6
8/23/2017 20:45,33.6
8/23/2017 21:00,34.2
8/23/2017 21:15,34.2
8/23/2017 21:30,33
8/23/2017 21:45,33.6
8/23/2017 22:00,33
8/23/2017 22:15,32.3
8/23/2017 22:30,32.3
8/23/2017 22:45,33.6
8/23/2017 23:00,33
8/23/2017 23:15,31.7
8/23/2017 23:30,32.3
8/23/2017 23:45,33
8/24/2017 0:00,32.3
8/24/2017 0:15,33
8/24/2017 0:30,32.3
8/24/2017 0:45,33
8/24/2017 1:00,33
8/24/2017 1:15,32.3
8/24/2017 1:30,32.3
8/24/2017 1:45,31.7
8/24/2017 2:00,31.1
8/24/2017 2:15,31.1
8/24/2017 2:30,31.1
8/24/2017 2:45,31.7
8/24/2017 3:00,31.1
8/24/2017 3:15,31.7
8/24/2017 3:30,31.7
8/24/2017 3:45,31.7
8/24/2017 4:00,32.3
8/24/2017 4:15,32.3
8/24/2017 4:30,32.3
8/24/2017 4:45,32.3
8/24/2017 5:00,31.7
8/24/2017 5:15,31.7
8/24/2017 5:30,31.7
8/24/2017 5:45,32.3
8/24/2017 6:00,31.7
8/24/2017 6:15,31.7
8/24/2017 6:30,32.3
8/24/2017 6:45,31.1
8/24/2017 7:00,31.7
8/24/2017 7:15,32.3
8/24/2017 7:30,31.7
8/24/2017 7:45,31.1
8/24/2017 8:00,32.3
8/24/2017 8:15,31.1
8/24/2017 8:30,32.3
8/24/2017 8:45,32.3
8/24/2017 9:00,33
8/24/2017 9:15,32.3
8/24/2017 9:30,32.3
8/24/2017 9:45,31.7
8/24/2017 10:00,31.1
8/24/2017 10:15,31.7
8/24/2017 10:30,32.3
8/24/2017 10:45,31.1
8/24/2017 11:00,31.1
8/24/2017 11:15,32.3
8/24/2017 11:30,31.1
8/24/2017 11:45,32.3
8/24/2017 12:00,33
8/24/2017 12:15,33
8/24/2017 12:30,31.7
8/24/2017 12:45,31.1
8/24/2017 13:00,33
8/24/2017 13:15,31.7
8/24/2017 13:30,33
8/24/2017 13:45,31.7
8/24/2017 14:00,33
8/24/2017 14:15,32.3
8/24/2017 14:30,33
8/24/2017 14:45,32.3
8/24/2017 15:00,32.3
8/24/2017 15:15,32.3
8/24/2017 15:30,32.3
8/24/2017 15:45,33
8/24/2017 16:00,31.1
8/24/2017 16:15,33.6
8/24/2017 16:30,33
8/24/2017 16:45,33
8/24/2017 17:00,33
8/24/2017 17:15,33
8/24/2017 17:30,32.3
8/24/2017 17:45,31.7
8/24/2017 18:00,31.7
8/24/2017 18:15,33
8/24/2017 18:30,33
8/24/2017 18:45,31.7
8/24/2017 19:00,31.7
8/24/2017 19:15,32.3
8/24/2017 19:30,32.3
8/24/2017 19:45,31.7
8/24/2017 20:00,31.1
8/24/2017 20:15,31.7
8/24/2017 20:30,31.1
8/24/2017 20:45,32.3
8/24/2017 21:00,32.3
8/24/2017 21:15,31.1
8/24/2017 21:30,31.1
8/24/2017 21:45,31.1
8/24/2017 22:00,31.7
8/24/2017 22:15,31.1
8/24/2017 22:30,30.5
8/24/2017 22:45,31.1
8/24/2017 23:00,30.5
8/24/2017 23:15,31.1
8/24/2017 23:30,31.7
8/24/2017 23:45,31.1
8/25/2017 0:00,29.9
8/25/2017 0:15,31.1
8/25/2017 0:30,29.9
8/25/2017 0:45,30.5
8/25/2017 1:00,30.5
8/25/2017 1:15,31.1
8/25/2017 1:30,30.5
8/25/2017 1:45,29.3
8/25/2017 2:00,29.9
8/25/2017 2:15,30.5
8/25/2017 2:30,29.9
8/25/2017 2:45,30.5
8/25/2017 3:00,29.9
8/25/2017 3:15,28.7
8/25/2017 3:30,31.1
8/25/2017 3:45,30.5
8/25/2017 4:00,30.5
8/25/2017 4:15,31.1
8/25/2017 4:30,29.9
8/25/2017 4:45,31.1
8/25/2017 5:00,29.9
8/25/2017 5:15,31.1
8/25/2017 5:30,31.1
8/25/2017 5:45,30.5
8/25/2017 6:00,29.9
8/25/2017 6:15,30.5
8/25/2017 6:30,30.5
8/25/2017 6:45,30.5
8/25/2017 7:00,31.7
8/25/2017 7:15,31.1
8/25/2017 7:30,30.5
8/25/2017 7:45,31.1
8/25/2017 8:00,31.7
8/25/2017 8:15,31.1
8/25/2017 8:30,31.7
8/25/2017 8:45,31.1
8/25/2017 9:00,31.7
8/25/2017 9:15,31.7
8/25/2017 9:30,31.7
8/25/2017 9:45,31.1
8/25/2017 10:00,32.3
8/25/2017 10:15,31.1
8/25/2017 10:30,32.3
8/25/2017 10:45,32.3
8/25/2017 11:00,31.7
8/25/2017 11:15,32.3
8/25/2017 11:30,31.1
8/25/2017 11:45,33
8/25/2017 12:00,31.1
8/25/2017 12:15,32.3
8/25/2017 12:30,32.3
8/25/2017 12:45,31.7
8/25/2017 13:00,31.7
8/25/2017 13:15,31.7
8/25/2017 13:30,32.3
8/25/2017 13:45,33
8/25/2017 14:00,33
8/25/2017 14:15,33
8/25/2017 14:30,33
8/25/2017 14:45,31.7
8/25/2017 15:00,32.3
8/25/2017 15:15,33
8/25/2017 15:30,31.7
8/25/2017 15:45,31.7
8/25/2017 16:00,31.1
8/25/2017 16:15,32.3
8/25/2017 16:30,33.6
8/25/2017 16:45,33.6
8/25/2017 17:00,33.6
8/25/2017 17:15,33
8/25/2017 17:30,33.6
8/25/2017 17:45,34.2
8/25/2017 18:00,33.6
8/25/2017 18:15,33.6
8/25/2017 18:30,34.2
8/25/2017 18:45,34.2
8/25/2017 19:00,34.2
8/25/2017 19:15,34.2
8/25/2017 19:30,34.8
8/25/2017 19:45,33.6
8/25/2017 20:00,34.8
8/25/2017 20:15,34.8
8/25/2017 20:30,33.6
8/25/2017 20:45,34.8
8/25/2017 21:00,33.6
8/25/2017 21:15,33.6
8/25/2017 21:30,34.2
8/25/2017 21:45,33.6
8/25/2017 22:00,33.6
8/25/2017 22:15,33
8/25/2017 22:30,33.6
8/25/2017 22:45,33
8/25/2017 23:00,34.2
8/25/2017 23:15,32.3
8/25/2017 23:30,33
8/25/2017 23:45,33.6
8/26/2017 0:00,33.6
8/26/2017 0:15,32.3
8/26/2017 0:30,32.3
8/26/2017 0:45,33
8/26/2017 1:00,31.7
8/26/2017 1:15,31.7
8/26/2017 1:30,32.3
8/26/2017 1:45,31.7
8/26/2017 2:00,31.7
8/26/2017 2:15,31.7
8/26/2017 2:30,30.5
8/26/2017 2:45,31.1
8/26/2017 3:00,31.7
8/26/2017 3:15,31.1
8/26/2017 3:30,30.5
8/26/2017 3:45,31.1
8/26/2017 4:00,31.7
8/26/2017 4:15,31.7
8/26/2017 4:30,30.5
8/26/2017 4:45,30.5
8/26/2017 5:00,31.7
8/26/2017 5:15,31.1
8/26/2017 5:30,30.5
8/26/2017 5:45,30.5
8/26/2017 6:00,31.1
8/26/2017 6:15,31.1
8/26/2017 6:30,31.7
8/26/2017 6:45,31.1
8/26/2017 7:00,31.1
8/26/2017 7:15,31.1
8/26/2017 7:30,31.7
8/26/2017 7:45,31.7
8/26/2017 8:00,32.3
8/26/2017 8:15,31.1
8/26/2017 8:30,32.3
8/26/2017 8:45,31.1
8/26/2017 9:00,31.7
8/26/2017 9:15,31.7
8/26/2017 9:30,32.3
8/26/2017 9:45,31.7
8/26/2017 10:00,33
8/26/2017 10:15,31.7
8/26/2017 10:30,33
8/26/2017 10:45,33
8/26/2017 11:00,31.7
8/26/2017 11:15,33.6
8/26/2017 11:30,31.7
8/26/2017 11:45,32.3
8/26/2017 12:00,31.7
8/26/2017 12:15,32.3
8/26/2017 12:30,33
8/26/2017 12:45,33
8/26/2017 13:00,32.3
8/26/2017 13:15,32.3
8/26/2017 13:30,33.6
8/26/2017 13:45,32.3
8/26/2017 14:00,32.3
8/26/2017 14:15,32.3
8/26/2017 14:30,33.6
8/26/2017 14:45,32.3
8/26/2017 15:00,33
8/26/2017 15:15,32.3
8/26/2017 15:30,32.3
8/26/2017 15:45,32.3
8/26/2017 16:00,31.7
8/26/2017 16:15,33
8/26/2017 16:30,32.3
8/26/2017 16:45,31.7
8/26/2017 17:00,32.3
8/26/2017 17:15,33
8/26/2017 17:30,31.7
8/26/2017 17:45,33
8/26/2017 18:00,32.3
8/26/2017 18:15,32.3
8/26/2017 18:30,31.7
8/26/2017 18:45,30.5
8/26/2017 19:00,31.1
8/26/2017 19:15,33
8/26/2017 19:30,31.7
8/26/2017 19:45,32.3
8/26/2017 20:00,31.7
8/26/2017 20:15,31.1
8/26/2017 20:30,31.1
8/26/2017 20:45,31.7
8/26/2017 21:00,32.3
8/26/2017 21:15,30.5
8/26/2017 21:30,31.7
8/26/2017 21:45,30.5
8/26/2017 22:00,31.1
8/26/2017 22:15,31.7
8/26/2017 22:30,31.1
8/26/2017 22:45,30.5
8/26/2017 23:00,30.5
8/26/2017 23:15,31.7
8/26/2017 23:30,31.1
8/26/2017 23:45,31.1
8/27/2017 0:00,31.1
8/27/2017 0:15,29.9
8/27/2017 0:30,29.9
8/27/2017 0:45,31.1
8/27/2017 1:00,31.1
8/27/2017 1:15,29.9
8/27/2017 1:30,29.3
8/27/2017 1:45,29.3
8/27/2017 2:00,29.9
8/27/2017 2:15,31.1
8/27/2017 2:30,31.1
8/27/2017 2:45,31.1
8/27/2017 3:00,31.1
8/27/2017 3:15,31.7
8/27/2017 3:30,31.7
8/27/2017 3:45,31.1
8/27/2017 4:00,30.5
8/27/2017 4:15,31.1
8/27/2017 4:30,31.1
8/27/2017 4:45,31.7
8/27/2017 5:00,31.1
8/27/2017 5:15,32.3
8/27/2017 5:30,31.1
8/27/2017 5:45,31.7
8/27/2017 6:00,31.1
8/27/2017 6:15,31.1
8/27/2017 6:30,32.3
8/27/2017 6:45,31.1
8/27/2017 7:00,31.7
8/27/2017 7:15,30.5
8/27/2017 7:30,31.7
8/27/2017 7:45,30.5
8/27/2017 8:00,30.5
8/27/2017 8:15,30.5
8/27/2017 8:30,31.7
8/27/2017 8:45,30.5
8/27/2017 9:00,30.5
8/27/2017 9:15,31.7
8/27/2017 9:30,30.5
8/27/2017 9:45,31.1
8/27/2017 10:00,31.1
8/27/2017 10:15,31.1
8/27/2017 10:30,31.1
8/27/2017 10:45,31.1
8/27/2017 11:00,31.1
8/27/2017 11:15,29.9
8/27/2017 11:30,31.1
8/27/2017 11:45,31.1
8/27/2017 12:00,31.7
8/27/2017 12:15,31.7
8/27/2017 12:30,31.1
8/27/2017 12:45,31.1
8/27/2017 13:00,31.1
8/27/2017 13:15,31.1
8/27/2017 13:30,31.7
8/27/2017 13:45,31.7
8/27/2017 14:00,31.7
8/27/2017 14:15,30.5
8/27/2017 14:30,31.7
8/27/2017 14:45,30.5
8/27/2017 15:00,30.5
8/27/2017 15:15,32.3
8/27/2017 15:30,31.1
8/27/2017 15:45,31.7
8/27/2017 16:00,31.1
8/27/2017 16:15,32.3
8/27/2017 16:30,31.7
8/27/2017 16:45,31.7
8/27/2017 17:00,31.7
8/27/2017 17:15,31.1
8/27/2017 17:30,31.7
8/27/2017 17:45,30.5
8/27/2017 18:00,32.3
8/27/2017 18:15,31.7
8/27/2017 18:30,32.3
8/27/2017 18:45,31.7
8/27/2017 19:00,31.7
8/27/2017 19:15,31.7
8/27/2017 19:30,32.3
8/27/2017 19:45,31.1
8/27/2017 20:00,30.5
8/27/2017 20:15,31.7
8/27/2017 20:30,32.3
8/27/2017 20:45,34.8
8/27/2017 21:00,35.5
8/27/2017 21:15,36.8
8/27/2017 21:30,38.8
8/27/2017 21:45,40.1
8/27/2017 22:00,40.8
8/27/2017 22:15,40.8
8/27/2017 22:30,43.5
8/27/2017 22:45,42.8
8/27/2017 23:00,42.8
8/27/2017 23:15,44.9
8/27/2017 23:30,44.2
8/27/2017 23:45,43.5
8/28/2017 0:00,42.8
8/28/2017 0:15,42.1
8/28/2017 0:30,40.8
8/28/2017 0:45,40.1
8/28/2017 1:00,40.1
8/28/2017 1:15,39.4
8/28/2017 1:30,38.8
8/28/2017 1:45,37.4
8/28/2017 2:00,38.1
8/28/2017 2:15,36.8
8/28/2017 2:30,36.1
8/28/2017 2:45,37.4
8/28/2017 3:00,36.8
8/28/2017 3:15,36.8
8/28/2017 3:30,37.4
8/28/2017 3:45,36.1
8/28/2017 4:00,37.4
8/28/2017 4:15,36.8
8/28/2017 4:30,36.1
8/28/2017 4:45,36.8
8/28/2017 5:00,36.1
8/28/2017 5:15,36.8
8/28/2017 5:30,36.8
8/28/2017 5:45,36.1
8/28/2017 6:00,36.8
8/28/2017 6:15,35.5
8/28/2017 6:30,35.5
8/28/2017 6:45,35.5
8/28/2017 7:00,36.8
8/28/2017 7:15,35.5
8/28/2017 7:30,36.1
8/28/2017 7:45,34.8
8/28/2017 8:00,34.8
8/28/2017 8:15,34.8
8/28/2017 8:30,36.1
8/28/2017 8:45,36.1
8/28/2017 9:00,35.5
8/28/2017 9:15,34.8
8/28/2017 9:30,36.1
8/28/2017 9:45,34.8
8/28/2017 10:00,34.2
8/28/2017 10:15,34.2
8/28/2017 10:30,34.8
8/28/2017 10:45,35.5
8/28/2017 11:00,34.2
8/28/2017 11:15,34.8
8/28/2017 11:30,34.8
8/28/2017 11:45,34.2
8/28/2017 12:00,34.8
8/28/2017 12:15,34.2
8/28/2017 12:30,35.5
8/28/2017 12:45,34.8
8/28/2017 13:00,34.8
8/28/2017 13:15,34.8
8/28/2017 13:30,34.2
8/28/2017 13:45,34.2
8/28/2017 14:00,35.5
8/28/2017 14:15,35.5
8/28/2017 14:30,34.2
8/28/2017 14:45,34.8
8/28/2017 15:00,36.1
8/28/2017 15:15,40.1
8/28/2017 15:30,41.5
8/28/2017 15:45,40.1
8/28/2017 16:00,40.8
8/28/2017 16:15,39.4
8/28/2017 16:30,40.1
8/28/2017 16:45,40.1
8/28/2017 17:00,40.8
8/28/2017 17:15,39.4
8/28/2017 17:30,40.8
8/28/2017 17:45,38.8
8/28/2017 18:00,40.1
8/28/2017 18:15,39.4
8/28/2017 18:30,38.1
8/28/2017 18:45,36.8
8/28/2017 19:00,37.4
8/28/2017 19:15,37.4
8/28/2017 19:30,37.4
8/28/2017 19:45,37.4
8/28/2017 20:00,35.5
8/28/2017 20:15,35.5
8/28/2017 20:30,36.1
8/28/2017 20:45,36.1
8/28/2017 21:00,35.5
8/28/2017 21:15,34.2
8/28/2017 21:30,35.5
8/28/2017 21:45,33.6
8/28/2017 22:00,34.8
8/28/2017 22:15,34.2
8/28/2017 22:30,33
8/28/2017 22:45,34.2
8/28/2017 23:00,33.6
8/28/2017 23:15,33
8/28/2017 23:30,32.3
8/28/2017 23:45,32.3
8/29/2017 0:00,33
8/29/2017 0:15,32.3
8/29/2017 0:30,33
8/29/2017 0:45,31.7
8/29/2017 1:00,32.3
8/29/2017 1:15,31.7
8/29/2017 1:30,32.3
8/29/2017 1:45,32.3
8/29/2017 2:00,31.7
8/29/2017 2:15,30.5
8/29/2017 2:30,32.3
8/29/2017 2:45,31.1
8/29/2017 3:00,31.7
8/29/2017 3:15,29.9
8/29/2017 3:30,31.7
8/29/2017 3:45,31.1
8/29/2017 4:00,30.5
8/29/2017 4:15,30.5
8/29/2017 4:30,30.5
8/29/2017 4:45,30.5
8/29/2017 5:00,30.5
8/29/2017 5:15,30.5
8/29/2017 5:30,31.7
8/29/2017 5:45,30.5
8/29/2017 6:00,30.5
8/29/2017 6:15,31.1
8/29/2017 6:30,31.1
8/29/2017 6:45,30.5
8/29/2017 7:00,31.7
8/29/2017 7:15,31.1
8/29/2017 7:30,30.5
8/29/2017 7:45,31.1
8/29/2017 8:00,31.7
8/29/2017 8:15,30.5
8/29/2017 8:30,30.5
8/29/2017 8:45,30.5
8/29/2017 9:00,31.1
8/29/2017 9:15,31.7
8/29/2017 9:30,31.7
8/29/2017 9:45,31.7
8/29/2017 10:00,31.1
8/29/2017 10:15,32.3
8/29/2017 10:30,33
8/29/2017 10:45,33.6
8/29/2017 11:00,34.2
8/29/2017 11:15,36.1
8/29/2017 11:30,38.1
8/29/2017 11:45,42.8
8/29/2017 12:00,44.2
8/29/2017 12:15,47.1
8/29/2017 12:30,48.6
8/29/2017 12:45,52.3
8/29/2017 13:00,55.4
8/29/2017 13:15,56.1
8/29/2017 13:30,61.7
8/29/2017 13:45,65
8/29/2017 14:00,65.9
8/29/2017 14:15,67.5
8/29/2017 14:30,67.5
8/29/2017 14:45,69.2
8/29/2017 15:00,68.4
8/29/2017 15:15,67.5
8/29/2017 15:30,67.5
8/29/2017 15:45,65.9
8/29/2017 16:00,64.2
8/29/2017 16:15,61.7
8/29/2017 16:30,61.7
8/29/2017 16:45,60.1
8/29/2017 17:00,59.3
8/29/2017 17:15,56.9
8/29/2017 17:30,57.7
8/29/2017 17:45,55.4
8/29/2017 18:00,54.6
8/29/2017 18:15,53.8
8/29/2017 18:30,52.3
8/29/2017 18:45,50.8
8/29/2017 19:00,50.8
8/29/2017 19:15,52.3
8/29/2017 19:30,50.8
8/29/2017 19:45,52.3
8/29/2017 20:00,50.8
8/29/2017 20:15,50
8/29/2017 20:30,52.3
8/29/2017 20:45,51.5
8/29/2017 21:00,53
8/29/2017 21:15,52.3
8/29/2017 21:30,54.6
8/29/2017 21:45,55.4
8/29/2017 22:00,57.7
8/29/2017 22:15,61.7
8/29/2017 22:30,64.2
8/29/2017 22:45,66.7
8/29/2017 23:00,69.2
8/29/2017 23:15,72.7
8/29/2017 23:30,80.8
8/29/2017 23:45,81.7
8/30/2017 0:00,86.3
8/30/2017 0:15,89.2
8/30/2017 0:30,91.1
8/30/2017 0:45,95
8/30/2017 1:00,96
8/30/2017 1:15,99
8/30/2017 1:30,100
8/30/2017 1:45,101
8/30/2017 2:00,105
8/30/2017 2:15,105
8/30/2017 2:30,106
8/30/2017 2:45,107
8/30/2017 3:00,109
8/30/2017 3:15,108
8/30/2017 3:30,109
8/30/2017 3:45,110
8/30/2017 4:00,110
8/30/2017 4:15,110
8/30/2017 4:30,109
8/30/2017 4:45,111
8/30/2017 5:00,111
8/30/2017 5:15,111
8/30/2017 5:30,109
8/30/2017 5:45,111
8/30/2017 6:00,110
8/30/2017 6:15,108
8/30/2017 6:30,110
8/30/2017 6:45,107
8/30/2017 7:00,109
8/30/2017 7:15,105
8/30/2017 7:30,107
8/30/2017 7:45,107
8/30/2017 8:00,108
8/30/2017 8:15,107
8/30/2017 8:30,106
8/30/2017 8:45,105
8/30/2017 9:00,105
8/30/2017 9:15,105
8/30/2017 9:30,103
8/30/2017 9:45,103
8/30/2017 10:00,104
8/30/2017 10:15,104
8/30/2017 10:30,104
8/30/2017 10:45,104
8/30/2017 11:00,104
8/30/2017 11:15,101
8/30/2017 11:30,102
8/30/2017 11:45,101
8/30/2017 12:00,102
8/30/2017 12:15,100
8/30/2017 12:30,98
8/30/2017 12:45,102
8/30/2017 13:00,100
8/30/2017 13:15,97
8/30/2017 13:30,98
8/30/2017 13:45,100
8/30/2017 14:00,99
8/30/2017 14:15,98
8/30/2017 14:30,99
8/30/2017 14:45,97
8/30/2017 15:00,96
8/30/2017 15:15,96
8/30/2017 15:30,97
8/30/2017 15:45,93.1
8/30/2017 16:00,95
8/30/2017 16:15,92.1
8/30/2017 16:30,93.1
8/30/2017 16:45,92.1
8/30/2017 17:00,93.1
8/30/2017 17:15,92.1
8/30/2017 17:30,92.1
8/30/2017 17:45,91.1
8/30/2017 18:00,89.2
8/30/2017 18:15,91.1
8/30/2017 18:30,91.1
8/30/2017 18:45,87.3
8/30/2017 19:00,87.3
8/30/2017 19:15,88.2
8/30/2017 19:30,87.3
8/30/2017 19:45,87.3
8/30/2017 20:00,87.3
8/30/2017 20:15,85.4
8/30/2017 20:30,85.4
8/30/2017 20:45,85.4
8/30/2017 21:00,84.5
8/30/2017 21:15,84.5
8/30/2017 21:30,83.5
8/30/2017 21:45,84.5
8/30/2017 22:00,84.5
8/30/2017 22:15,84.5
8/30/2017 22:30,83.5
8/30/2017 22:45,83.5
8/30/2017 23:00,81.7
8/30/2017 23:15,80.8
8/30/2017 23:30,80.8
8/30/2017 23:45,81.7
8/31/2017 0:00,79.9
8/31/2017 0:15,81.7
8/31/2017 0:30,80.8
8/31/2017 0:45,80.8
8/31/2017 1:00,79.9
8/31/2017 1:15,80.8
8/31/2017 1:30,78
8/31/2017 1:45,79.9
8/31/2017 2:00,79.9
8/31/2017 2:15,78
8/31/2017 2:30,78.9
8/31/2017 2:45,78.9
8/31/2017 3:00,77.1
8/31/2017 3:15,78.9
8/31/2017 3:30,77.1
8/31/2017 3:45,75.4
8/31/2017 4:00,78
8/31/2017 4:15,78
8/31/2017 4:30,75.4
8/31/2017 4:45,77.1
8/31/2017 5:00,75.4
8/31/2017 5:15,76.2
8/31/2017 5:30,74.5
8/31/2017 5:45,74.5
8/31/2017 6:00,74.5
8/31/2017 6:15,73.6
8/31/2017 6:30,73.6
8/31/2017 6:45,74.5
8/31/2017 7:00,73.6
8/31/2017 7:15,74.5
8/31/2017 7:30,72.7
8/31/2017 7:45,72.7
8/31/2017 8:00,74.5
8/31/2017 8:15,73.6
8/31/2017 8:30,71.8
8/31/2017 13:00,70.1
8/31/2017 13:15,69.2
8/31/2017 13:30,69.2
8/31/2017 13:45,68.4
8/31/2017 14:00,69.2
8/31/2017 14:15,69.2
8/31/2017 14:30,67.5
8/31/2017 14:45,66.7
8/31/2017 15:00,66.7
8/31/2017 15:15,64.2
8/31/2017 15:30,64.2
8/31/2017 15:45,64.2
8/31/2017 16:00,65
8/31/2017 16:15,63.4
8/31/2017 16:30,63.4
8/31/2017 16:45,61.7
8/31/2017 17:00,62.5
8/31/2017 17:15,62.5
8/31/2017 17:30,60.9
8/31/2017 17:45,60.1
8/31/2017 18:00,60.9
8/31/2017 18:15,59.3
8/31/2017 18:30,60.1
8/31/2017 18:45,58.5
8/31/2017 19:00,60.1
8/31/2017 19:15,58.5
8/31/2017 19:30,57.7
8/31/2017 19:45,56.9
8/31/2017 20:00,58.5
8/31/2017 20:15,56.9
8/31/2017 20:30,58.5
8/31/2017 20:45,56.9
8/31/2017 21:00,56.9
8/31/2017 21:15,56.9
8/31/2017 21:30,56.9
8/31/2017 21:45,55.4
8/31/2017 22:00,56.9
8/31/2017 22:15,56.9
8/31/2017 22:30,56.1
8/31/2017 22:45,54.6
8/31/2017 23:00,54.6
8/31/2017 23:15,53.8
8/31/2017 23:30,56.1
8/31/2017 23:45,55.4
9/1/2017 0:00,55.4
9/1/2017 0:15,55.4
9/1/2017 0:30,55.4
9/1/2017 0:45,54.6
9/1/2017 1:00,53
9/1/2017 1:15,54.6
9/1/2017 1:30,52.3
9/5/2017 9:45,34.1
9/5/2017 10:00,33.4
9/5/2017 10:15,33.9
9/5/2017 10:30,34.4
9/5/2017 10:45,34.3
9/5/2017 11:00,34.8
9/5/2017 11:15,34.8
9/5/2017 11:30,33.6
9/5/2017 11:45,34.8
9/5/2017 12:00,35.5
9/5/2017 12:15,34.2
9/5/2017 12:30,35.5
9/5/2017 12:45,35.5
9/5/2017 13:00,35.5
9/5/2017 13:15,34.8
9/5/2017 13:30,34.8
9/5/2017 13:45,34.8
9/5/2017 14:00,35.5
9/5/2017 14:15,36.1
9/5/2017 14:30,35.5
9/5/2017 14:45,35.5
9/5/2017 15:00,34.2
9/5/2017 15:15,35.5
9/5/2017 15:30,35.5
9/5/2017 15:45,34.8
9/5/2017 16:00,35.5
9/5/2017 16:15,35.5
9/5/2017 16:30,34.2
9/5/2017 16:45,35.5
9/5/2017 17:00,34.8
9/5/2017 17:15,34.2
9/5/2017 17:30,35.5
9/5/2017 17:45,35.5
9/5/2017 18:00,34.8
9/5/2017 18:15,34.2
9/5/2017 18:30,34.2
9/5/2017 18:45,36.1
9/5/2017 19:00,35.5
9/5/2017 19:15,34.8
9/5/2017 19:30,34.8
9/5/2017 19:45,33.6
9/5/2017 20:00,32.9
9/5/2017 20:15,33.6
9/5/2017 20:30,34.2
9/5/2017 20:45,33.6
9/5/2017 21:00,33.6
9/5/2017 21:15,34.8
9/5/2017 21:30,34.8
9/5/2017 21:45,32.9
9/5/2017 22:00,33.6
9/5/2017 22:15,32.9
9/5/2017 22:30,33.6
9/5/2017 22:45,32.9
9/5/2017 23:00,32.9
9/5/2017 23:15,33.6
9/5/2017 23:30,32.9
9/5/2017 23:45,33.6
9/6/2017 0:00,32.3
9/6/2017 0:15,33.6
9/6/2017 0:30,33.5
9/6/2017 0:45,32.3
9/6/2017 1:00,32.9
9/6/2017 1:15,32.9
9/6/2017 1:30,33.5
9/6/2017 1:45,32.3
9/6/2017 2:00,31.7
9/6/2017 2:15,31.7
9/6/2017 2:30,31.7
9/6/2017 2:45,32.9
9/6/2017 3:00,32.3
9/6/2017 3:15,32.3
9/6/2017 3:30,32.9
9/6/2017 3:45,32.9
9/6/2017 4:00,31.7
9/6/2017 4:15,32.3
9/6/2017 4:30,31.1
9/6/2017 4:45,33.5
9/6/2017 5:00,32.3
9/6/2017 5:15,32.9
9/6/2017 5:30,32.9
9/6/2017 5:45,32.3
9/6/2017 6:00,32.3
9/6/2017 6:15,32.3
9/6/2017 6:30,32.3
9/6/2017 6:45,32.3
9/6/2017 7:00,33.5
9/6/2017 7:15,34.2
9/6/2017 7:30,34.2
9/6/2017 7:45,32.9
9/6/2017 8:00,33.5
9/6/2017 8:15,34.2
9/6/2017 8:30,32.9
9/6/2017 8:45,32.9
9/6/2017 9:00,34.8
9/6/2017 9:15,34.2
9/6/2017 9:30,32.3
9/6/2017 9:45,34.1
9/6/2017 10:00,34.1
9/6/2017 10:15,33.5
9/6/2017 10:30,33.5
9/6/2017 10:45,33.5
9/6/2017 11:00,34.8
9/6/2017 11:15,32.9
9/6/2017 11:30,33.5
9/6/2017 11:45,33.5
9/6/2017 12:00,33.5
9/6/2017 12:15,33.5
9/6/2017 12:30,34.1
9/6/2017 12:45,34.1
9/6/2017 13:00,34.8
9/6/2017 13:15,34.8
9/6/2017 13:30,34.8
9/6/2017 13:45,34.1
9/6/2017 14:00,33.5
9/6/2017 14:15,34.8
9/6/2017 14:30,34.1
9/6/2017 14:45,32.9
9/6/2017 15:00,34.8
9/6/2017 15:15,34.1
9/6/2017 15:30,32.3
9/6/2017 15:45,33.5
9/6/2017 16:00,34.1
9/6/2017 16:15,34.8
9/6/2017 16:30,33.5
9/6/2017 16:45,34.8
9/6/2017 17:00,33.5
9/6/2017 17:15,32.9
9/6/2017 17:30,32.9
9/6/2017 17:45,34.1
9/6/2017 18:00,34.1
9/6/2017 18:15,34.1
9/6/2017 18:30,33.5
9/6/2017 18:45,32.3
9/6/2017 19:00,32.3
9/6/2017 19:15,32.9
9/6/2017 19:30,32.9
9/6/2017 19:45,32.9
9/6/2017 20:00,32.3
9/6/2017 20:15,32.9
9/6/2017 20:30,32.3
9/6/2017 20:45,32.3
9/6/2017 21:00,32.9
9/6/2017 21:15,31.6
9/6/2017 21:30,32.3
9/6/2017 21:45,32.9
9/6/2017 22:00,32.9
9/6/2017 22:15,32.2
9/6/2017 22:30,32.9
9/6/2017 22:45,32.2
9/6/2017 23:00,31.6
9/6/2017 23:15,31.6
9/6/2017 23:30,32.9
9/6/2017 23:45,32.2
9/7/2017 0:00,32.9
9/7/2017 0:15,31.6
9/7/2017 0:30,32.9
9/7/2017 0:45,32.9
9/7/2017 1:00,32.9
9/7/2017 1:15,31
9/7/2017 1:30,32.2
9/7/2017 1:45,32.2
9/7/2017 2:00,31.6
9/7/2017 2:15,31
9/7/2017 2:30,30.4
9/7/2017 2:45,31
9/7/2017 3:00,32.2
9/7/2017 3:15,31
9/7/2017 3:30,30.4
9/7/2017 3:45,30.4
9/7/2017 4:00,32.2
9/7/2017 4:15,30.4
9/7/2017 4:30,31.6
9/7/2017 4:45,31
9/7/2017 5:00,31.6
9/7/2017 5:15,32.2
9/7/2017 5:30,31
9/7/2017 5:45,32.2
9/7/2017 6:00,30.4
9/7/2017 6:15,31.6
9/7/2017 6:30,32.2
9/7/2017 6:45,31
9/7/2017 7:00,31.6
9/7/2017 7:15,32.2
9/7/2017 7:30,31.6
9/7/2017 7:45,31.6
9/7/2017 8:00,32.2
9/7/2017 8:15,32.2
9/7/2017 8:30,32.2
9/7/2017 8:45,31.6
9/7/2017 9:00,32.2
9/7/2017 9:15,32.8
9/7/2017 9:30,32.2
9/7/2017 9:45,32.2
9/7/2017 10:00,32.8
9/7/2017 10:15,32.8
9/7/2017 10:30,32.8
9/7/2017 10:45,33.5
9/7/2017 11:00,32.8
9/7/2017 11:15,31.6
9/7/2017 11:30,32.2
9/7/2017 11:45,34.1
9/7/2017 12:00,32.8
9/7/2017 12:15,34.1
9/7/2017 12:30,33.4
9/7/2017 12:45,34.7
9/7/2017 13:00,35.3
9/7/2017 13:15,35.3
9/7/2017 13:30,34.7
9/7/2017 13:45,36.6
9/7/2017 14:00,36.6
9/7/2017 14:15,36.6
9/7/2017 14:30,38.6
9/7/2017 14:45,37.3
9/7/2017 15:00,37.9
9/7/2017 15:15,39.3
9/7/2017 15:30,39.9
9/7/2017 15:45,40.6
9/7/2017 16:00,39.3
9/7/2017 16:15,39.3
9/7/2017 16:30,40.6
9/7/2017 16:45,39.3
9/7/2017 17:00,41.3
9/7/2017 17:15,39.9
9/7/2017 17:30,41.3
9/7/2017 17:45,40.6
9/7/2017 18:00,41.3
9/7/2017 18:15,41.3
9/7/2017 18:30,41.3
9/7/2017 18:45,39.9
9/7/2017 19:00,39.9
9/7/2017 19:15,40.6
9/7/2017 19:30,41.3
9/7/2017 19:45,39.9
9/7/2017 20:00,40.6
9/7/2017 20:15,39.2
9/7/2017 20:30,40.6
9/7/2017 20:45,39.2
9/7/2017 21:00,38.6
9/7/2017 21:15,38.6
9/7/2017 21:30,39.9
9/7/2017 21:45,38.6
9/7/2017 22:00,38.6
9/7/2017 22:15,39.2
9/7/2017 22:30,37.9
9/7/2017 22:45,37.9
9/7/2017 23:00,37.9
9/7/2017 23:15,38.6
9/7/2017 23:30,36.6
9/7/2017 23:45,38.6
9/8/2017 0:00,39.2
9/8/2017 0:15,37.9
9/8/2017 0:30,37.9
9/8/2017 0:45,37.9
9/8/2017 1:00,37.2
9/8/2017 1:15,37.9
9/8/2017 1:30,37.9
9/8/2017 1:45,37.2
9/8/2017 2:00,37.2
9/8/2017 2:15,35.9
9/8/2017 2:30,36.6
9/8/2017 2:45,35.9
9/8/2017 3:00,36.6
9/8/2017 3:15,37.2
9/8/2017 3:30,36.6
9/8/2017 3:45,37.2
9/8/2017 4:00,37.2
9/8/2017 4:15,36.6
9/8/2017 4:30,37.2
9/8/2017 4:45,37.2
9/8/2017 5:00,35.9
9/8/2017 5:15,35.3
9/8/2017 5:30,36.6
9/8/2017 5:45,35.9
9/8/2017 6:00,37.2
9/8/2017 6:15,36.6
9/8/2017 6:30,37.2
9/8/2017 6:45,36.6
9/8/2017 7:00,35.3
9/8/2017 7:15,36.6
9/8/2017 7:30,35.3
9/8/2017 7:45,35.9
9/8/2017 8:00,37.2
9/8/2017 8:15,36.6
9/8/2017 8:30,37.2
9/8/2017 8:45,35.9
9/8/2017 9:00,37.2
9/8/2017 9:15,36.6
9/8/2017 9:30,37.2
9/8/2017 9:45,35.9
9/8/2017 10:00,36.6
9/8/2017 10:15,36.6
9/8/2017 10:30,35.9
9/8/2017 10:45,35.3
9/8/2017 11:00,35.3
9/8/2017 11:15,34
9/8/2017 11:30,35.3
9/8/2017 11:45,35.3
9/8/2017 12:00,34.6
9/8/2017 12:15,34
9/8/2017 12:30,34
9/8/2017 12:45,35.3
9/8/2017 13:00,34
9/8/2017 13:15,34.6
9/8/2017 13:30,34.6
9/8/2017 13:45,33.4
9/8/2017 14:00,34
9/8/2017 14:15,35.3
9/8/2017 14:30,34.6
9/8/2017 14:45,34
9/8/2017 15:00,34
9/8/2017 15:15,34.6
9/8/2017 15:30,35.3
9/8/2017 15:45,33.4
9/8/2017 16:00,34.6
9/8/2017 16:15,34
9/8/2017 16:30,32.7
9/8/2017 16:45,33.4
9/8/2017 17:00,33.4
9/8/2017 17:15,33.4
9/8/2017 17:30,32.7
9/8/2017 17:45,32.7
9/8/2017 18:00,32.1
9/8/2017 18:15,32.7
9/8/2017 18:30,33.4
9/8/2017 18:45,32.1
9/8/2017 19:00,32.1
9/8/2017 19:15,32.1
9/8/2017 19:30,32.7
9/8/2017 19:45,31.5
9/8/2017 20:00,30.9
9/8/2017 20:15,32.7
9/8/2017 20:30,32.1
9/8/2017 20:45,30.9
9/8/2017 21:00,31.5
9/8/2017 21:15,32.1
9/8/2017 21:30,30.9
9/8/2017 21:45,30.9
9/8/2017 22:00,30.3
9/8/2017 22:15,30.3
9/8/2017 22:30,30.3
9/8/2017 22:45,30.9
9/8/2017 23:00,30.9
9/8/2017 23:15,30.9
9/8/2017 23:30,30.3
9/8/2017 23:45,31.5
9/9/2017 0:00,31.5
9/9/2017 0:15,30.9
9/9/2017 0:30,30.3
9/9/2017 0:45,30.3
9/9/2017 1:00,29.7
9/9/2017 1:15,31.5
9/9/2017 1:30,29.7
9/9/2017 1:45,30.9
9/9/2017 2:00,30.3
9/9/2017 2:15,29.1
9/9/2017 2:30,29.7
9/9/2017 2:45,30.9
9/9/2017 3:00,30.3
9/9/2017 3:15,30.9
9/9/2017 3:30,30.9
9/9/2017 3:45,29.1
9/9/2017 4:00,30.9
9/9/2017 4:15,30.3
9/9/2017 4:30,30.9
9/9/2017 4:45,29.1
9/9/2017 5:00,29.7
9/9/2017 5:15,29.1
9/9/2017 5:30,30.9
9/9/2017 5:45,29.7
9/9/2017 6:00,29.7
9/9/2017 6:15,29.1
9/9/2017 6:30,30.9
9/9/2017 6:45,30.9
9/9/2017 7:00,29.1
9/9/2017 7:15,29.7
9/9/2017 7:30,29.7
9/9/2017 7:45,29.1
9/9/2017 8:00,30.3
9/9/2017 8:15,30.9
9/9/2017 8:30,29.1
9/9/2017 8:45,29.1
9/9/2017 9:00,29.7
9/9/2017 9:15,30.9
9/9/2017 9:30,29.7
9/9/2017 9:45,30.3
9/9/2017 10:00,30.9
9/9/2017 10:15,29.7
9/9/2017 10:30,30.3
9/9/2017 10:45,30.3
9/9/2017 11:00,30.9
9/9/2017 11:15,31.5
9/9/2017 11:30,30.9
9/9/2017 11:45,30.3
9/9/2017 12:00,30.9
9/9/2017 12:15,30.9
9/9/2017 12:30,30.3
9/9/2017 12:45,30.3
9/9/2017 13:00,32.1
9/9/2017 13:15,31.5
9/9/2017 13:30,31.5
9/9/2017 13:45,32.1
9/9/2017 14:00,30.9
9/9/2017 14:15,31.5
9/9/2017 14:30,30.9
9/9/2017 14:45,30.8
9/9/2017 15:00,31.5
9/9/2017 15:15,30.2
9/9/2017 15:30,31.5
9/9/2017 15:45,30.2
9/9/2017 16:00,30.8
9/9/2017 16:15,30.8
9/9/2017 16:30,29.7
9/9/2017 16:45,29.6
9/9/2017 17:00,31.4
9/9/2017 17:15,30.8
9/9/2017 17:30,29.6
9/9/2017 17:45,30.8
9/9/2017 18:00,29.6
9/9/2017 18:15,29.6
9/9/2017 18:30,29.6
9/9/2017 18:45,29.6
9/9/2017 19:00,29.1
9/9/2017 19:15,30.8
9/9/2017 19:30,29.6
9/9/2017 19:45,30.2
9/9/2017 20:00,29.6
9/9/2017 20:15,30.2
9/9/2017 20:30,29.6
9/9/2017 20:45,30.8
9/9/2017 21:00,29
9/9/2017 21:15,30.2
9/9/2017 21:30,30.2
9/9/2017 21:45,30.2
9/9/2017 22:00,30.2
9/9/2017 22:15,29
9/9/2017 22:30,30.2
9/9/2017 22:45,28.5
9/9/2017 23:00,29.6
9/9/2017 23:15,29
9/9/2017 23:30,28.5
9/9/2017 23:45,29
9/10/2017 0:00,28.5
9/10/2017 0:15,29
9/10/2017 0:30,27.9
9/10/2017 0:45,29.6
9/10/2017 1:00,27.9
9/10/2017 1:15,29.6
9/10/2017 1:30,28.5
9/10/2017 1:45,29.6
9/10/2017 2:00,29
9/10/2017 2:15,29
9/10/2017 2:30,28.4
9/10/2017 2:45,27.9
9/10/2017 3:00,27.9
9/10/2017 3:15,28.4
9/10/2017 3:30,27.9
9/10/2017 3:45,27.3
9/10/2017 4:00,27.3
9/10/2017 4:15,26.7
9/10/2017 4:30,28.4
9/10/2017 4:45,27.9
9/10/2017 5:00,26.7
9/10/2017 5:15,27.9
9/10/2017 5:30,27.3
9/10/2017 5:45,26.7
9/10/2017 6:00,26.7
9/10/2017 6:15,27.9
9/10/2017 6:30,27.3
9/10/2017 6:45,28.4
9/10/2017 7:00,27.3
9/10/2017 7:15,28.4
9/10/2017 7:30,27.9
9/10/2017 7:45,28.4
9/10/2017 8:00,27.3
9/10/2017 8:15,27.9
9/10/2017 8:30,27.3
9/10/2017 8:45,27.3
9/10/2017 9:00,28.4
9/10/2017 9:15,28.4
9/10/2017 9:30,26.1
9/10/2017 9:45,28.4
9/10/2017 10:00,27.3
9/10/2017 10:15,27.3
9/10/2017 10:30,27.8
9/10/2017 10:45,27.3
9/10/2017 11:00,27.3
9/10/2017 11:15,27.8
9/10/2017 11:30,27.8
9/10/2017 11:45,27.8
9/10/2017 12:00,29
9/10/2017 12:15,29.6
9/10/2017 12:30,27.8
9/10/2017 12:45,28.4
9/10/2017 13:00,29.6
9/10/2017 13:15,28.4
9/10/2017 13:30,29
9/10/2017 13:45,29
9/10/2017 14:00,29
9/10/2017 14:15,29.6
9/10/2017 14:30,29
9/10/2017 14:45,29.6
9/10/2017 15:00,29
9/10/2017 15:15,30.2
9/10/2017 15:30,30.2
9/10/2017 15:45,29
9/10/2017 16:00,30.2
9/10/2017 16:15,28.4
9/10/2017 16:30,29
9/10/2017 16:45,30.2
9/10/2017 17:00,30.8
9/10/2017 17:15,30.8
9/10/2017 17:30,29
9/10/2017 17:45,29
9/10/2017 18:00,29.6
9/10/2017 18:15,30.2
9/10/2017 18:30,29.6
9/10/2017 18:45,30.2
9/10/2017 19:00,29.6
9/10/2017 19:15,29
9/10/2017 19:30,30.2
9/10/2017 19:45,29
9/10/2017 20:00,30.2
9/10/2017 20:15,29
9/10/2017 20:30,29
9/10/2017 20:45,30.2
9/10/2017 21:00,30.2
9/10/2017 21:15,28.4
9/10/2017 21:30,29.6
9/10/2017 21:45,29.6
9/10/2017 22:00,28.4
9/10/2017 22:15,29
9/10/2017 22:30,27.8
9/10/2017 22:45,29.6
9/10/2017 23:00,29
9/10/2017 23:15,27.8
9/10/2017 23:30,28.4
9/10/2017 23:45,27.8
9/11/2017 0:00,28.4
9/11/2017 0:15,27.2
9/11/2017 0:30,27.8
9/11/2017 0:45,27.8
9/11/2017 1:00,28.4
9/11/2017 1:15,29
9/11/2017 1:30,28.4
9/11/2017 1:45,28.4
9/11/2017 2:00,27.2
9/11/2017 2:15,27.8
9/11/2017 2:30,27.2
9/11/2017 2:45,27.8
9/11/2017 3:00,28.4
9/11/2017 3:15,27.2
9/11/2017 3:30,26.7
9/11/2017 3:45,26.7
9/11/2017 4:00,26.7
9/11/2017 4:15,26.1
9/11/2017 4:30,28.4
9/11/2017 4:45,26.7
9/11/2017 5:00,28.4
9/11/2017 5:15,26.7
9/11/2017 5:30,27.8
9/11/2017 5:45,27.2
9/11/2017 6:00,27.2
9/11/2017 6:15,27.2
9/11/2017 6:30,27.2
9/11/2017 6:45,26.7
9/11/2017 7:00,28.4
9/11/2017 7:15,27.2
9/11/2017 7:30,28.4
9/11/2017 7:45,29
9/11/2017 8:00,27.2
9/11/2017 8:15,27.8
9/11/2017 8:30,27.8
9/11/2017 8:45,26.6
9/11/2017 9:00,27.8
9/11/2017 9:15,28.4
9/11/2017 9:30,27.8
9/11/2017 9:45,27.2
9/11/2017 10:00,27.8
9/11/2017 10:15,28.9
9/11/2017 10:30,29.5
9/11/2017 10:45,28.4
9/11/2017 11:00,28.4
9/11/2017 11:15,28.4
9/11/2017 11:30,29.5
9/11/2017 11:45,27.8
9/11/2017 12:00,29.5
9/11/2017 12:15,27.8
9/11/2017 12:30,27.8
9/11/2017 12:45,29.5
9/11/2017 13:00,28.9
9/11/2017 13:15,29.5
9/11/2017 13:30,28.9
9/11/2017 13:45,28.4
9/11/2017 14:00,28.4
9/11/2017 14:15,27.8
9/11/2017 14:30,28.4
9/11/2017 14:45,29.5
9/11/2017 15:00,30.1
9/11/2017 15:15,28.9
9/11/2017 15:30,28.9
9/11/2017 15:45,30.1
9/11/2017 16:00,28.9
9/11/2017 16:15,28.9
9/11/2017 16:30,30.1
9/11/2017 16:45,28.9
9/11/2017 17:00,28.3
9/11/2017 17:15,29.5
9/11/2017 17:30,29.5
9/11/2017 17:45,28.9
9/11/2017 18:00,28.9
9/11/2017 18:15,29.5
9/11/2017 18:30,30.7
9/11/2017 18:45,29.5
9/11/2017 19:00,29.5
9/11/2017 19:15,30.7
9/11/2017 19:30,30.7
9/11/2017 19:45,29.5
9/11/2017 20:00,29.5
9/11/2017 20:15,29.5
9/11/2017 20:30,28.3
9/11/2017 20:45,28.9
9/11/2017 21:00,30.1
9/11/2017 21:15,30.1
9/11/2017 21:30,30.1
9/11/2017 21:45,28.9
9/11/2017 22:00,28.9
9/11/2017 22:15,30.1
9/11/2017 22:30,28.9
9/11/2017 22:45,28.3
9/11/2017 23:00,28.9
9/11/2017 23:15,30.1
9/11/2017 23:30,30.1
9/11/2017 23:45,28.9
9/12/2017 0:00,29.5
9/12/2017 0:15,28.9
9/12/2017 0:30,28.9
9/12/2017 0:45,29.5
9/12/2017 1:00,28.9
9/12/2017 1:15,28.9
9/12/2017 1:30,29.5
9/12/2017 1:45,29.5
9/12/2017 2:00,28.3
9/12/2017 2:15,28.9
9/12/2017 2:30,28.9
9/12/2017 2:45,28.9
9/12/2017 3:00,28.3
9/12/2017 3:15,28.9
9/12/2017 3:30,28.3
9/12/2017 3:45,28.3
9/12/2017 4:00,28.9
9/12/2017 4:15,28.9
9/12/2017 4:30,28.9
9/12/2017 4:45,28.3
9/12/2017 5:00,28.9
9/12/2017 5:15,28.9
9/12/2017 5:30,28.3
9/12/2017 5:45,27.7
9/12/2017 6:00,28.9
9/12/2017 6:15,28.9
9/12/2017 6:30,29.5
9/12/2017 6:45,29.5
9/12/2017 7:00,28.3
9/12/2017 7:15,30.1
9/12/2017 7:30,29.5
9/12/2017 7:45,28.9
9/12/2017 8:00,28.9
9/12/2017 8:15,28.9
9/12/2017 8:30,29.5
9/12/2017 8:45,30.7
9/12/2017 9:00,30.7
9/12/2017 9:15,30.7
9/12/2017 9:30,30.1
9/12/2017 9:45,30.1
9/12/2017 10:00,30.7
9/12/2017 10:15,30.1
9/12/2017 10:30,30.7
9/12/2017 10:45,31.3
9/12/2017 11:00,31.3
9/12/2017 11:15,30.1
9/12/2017 11:30,30.7
9/12/2017 11:45,30.7
9/12/2017 12:00,30.7
9/12/2017 12:15,31.3
9/12/2017 12:30,31.9
9/12/2017 12:45,31.9
9/12/2017 13:00,30.7
9/12/2017 13:15,30.7
9/12/2017 13:30,31.3
9/12/2017 13:45,31.9
9/12/2017 14:00,31.3
9/12/2017 14:15,30.7
9/12/2017 14:30,31.9
9/12/2017 14:45,31.9
9/12/2017 15:00,30.6
9/12/2017 15:15,31.9
9/12/2017 15:30,31.9
9/12/2017 15:45,31.3
9/12/2017 16:00,30.6
9/12/2017 16:15,31.2
9/12/2017 16:30,30
9/12/2017 16:45,32.5
9/12/2017 17:00,31.9
9/12/2017 17:15,31.9
9/12/2017 17:30,30.6
9/12/2017 17:45,31.2
9/12/2017 18:00,30
9/12/2017 18:15,31.2
9/12/2017 18:30,31.9
9/12/2017 18:45,31.9
9/12/2017 19:00,31.8
9/12/2017 19:15,30.6
9/12/2017 19:30,31.2
9/12/2017 19:45,31.8
9/12/2017 20:00,31.8
9/12/2017 20:15,30
9/12/2017 20:30,31.2
9/12/2017 20:45,30
9/12/2017 21:00,30
9/12/2017 21:15,30.6
9/12/2017 21:30,30
9/12/2017 21:45,31.2
9/12/2017 22:00,31.2
9/12/2017 22:15,31.8
9/12/2017 22:30,31.8
9/12/2017 22:45,30.6
9/12/2017 23:00,31.8
9/12/2017 23:15,31.8
9/12/2017 23:30,30.6
9/12/2017 23:45,30
9/13/2017 0:00,31.2
9/13/2017 0:15,30.6
9/13/2017 0:30,29.4
9/13/2017 0:45,31.2
9/13/2017 1:00,31.2
9/13/2017 1:15,29.4
9/13/2017 1:30,29.4
9/13/2017 1:45,30.6
9/13/2017 2:00,29.4
9/13/2017 2:15,30
9/13/2017 2:30,30.6
9/13/2017 2:45,30.6
9/13/2017 3:00,30
9/13/2017 3:15,30
9/13/2017 3:30,28.8
9/13/2017 3:45,29.4
9/13/2017 4:00,29.4
9/13/2017 4:15,30
9/13/2017 4:30,29.4
9/13/2017 4:45,28.8
9/13/2017 5:00,29.4
9/13/2017 5:15,28.8
9/13/2017 5:30,29.4
9/13/2017 5:45,30
9/13/2017 6:00,28.8
9/13/2017 6:15,30.6
9/13/2017 6:30,30.6
9/13/2017 6:45,28.8
9/13/2017 7:00,29.4
9/13/2017 7:15,29.4
9/13/2017 7:30,29.4
9/13/2017 7:45,30.6
9/13/2017 8:00,30
9/13/2017 8:15,30
9/13/2017 8:30,30
9/13/2017 8:45,30
9/13/2017 9:00,31.2
9/13/2017 9:15,31.2
9/13/2017 9:30,31.2
9/13/2017 9:45,30
9/13/2017 10:00,31.2
9/13/2017 10:15,30.6
9/13/2017 10:30,31.2
9/13/2017 10:45,31.2
9/13/2017 11:00,31.8
9/13/2017 11:15,31.2
9/13/2017 11:30,30.6
9/13/2017 11:45,31.2
9/13/2017 12:00,31.8
9/13/2017 12:15,31.2
9/13/2017 12:30,31.2
9/13/2017 12:45,31.2
9/13/2017 13:00,31.8
9/13/2017 13:15,30.6
9/13/2017 13:30,31.8
9/13/2017 13:45,31.2
9/13/2017 14:00,30.6
9/13/2017 14:15,30.6
9/13/2017 14:30,31.2
9/13/2017 14:45,31.2
9/13/2017 15:00,32.4
9/13/2017 15:15,31.8
9/13/2017 15:30,31.8
9/13/2017 15:45,31.2
9/13/2017 16:00,31.8
9/13/2017 16:15,32.4
9/13/2017 16:30,31.8
9/13/2017 16:45,31.2
9/13/2017 17:00,31.8
9/13/2017 17:15,31.2
9/13/2017 17:30,31.8
9/13/2017 17:45,32.4
9/13/2017 18:00,31.2
9/13/2017 18:15,31.8
9/13/2017 18:30,31.8
9/13/2017 18:45,32.4
9/13/2017 19:00,31.8
9/13/2017 19:15,31.2
9/13/2017 19:30,31.8
9/13/2017 19:45,31.8
9/13/2017 20:00,32.4
9/13/2017 20:15,31.8
9/13/2017 20:30,32.4
9/13/2017 20:45,30.6
9/13/2017 21:00,31.8
9/13/2017 21:15,30.6
9/13/2017 21:30,31.2
9/13/2017 21:45,29.4
9/13/2017 22:00,30.6
9/13/2017 22:15,31.8
9/13/2017 22:30,31.8
9/13/2017 22:45,31.8
9/13/2017 23:00,30
9/13/2017 23:15,31.8
9/13/2017 23:30,30
9/13/2017 23:45,31.2
9/14/2017 0:00,30.6
9/14/2017 0:15,31.2
9/14/2017 0:30,31.2
9/14/2017 0:45,30
9/14/2017 1:00,30
9/14/2017 1:15,31.2
9/14/2017 1:30,31.2
9/14/2017 1:45,30.6
9/14/2017 2:00,29.4
9/14/2017 2:15,30
9/14/2017 2:30,29.4
9/14/2017 2:45,28.2
9/14/2017 3:00,31.2
9/14/2017 3:15,30.5
9/14/2017 3:30,30.5
9/14/2017 3:45,30.5
9/14/2017 4:00,31.1
9/14/2017 4:15,30.5
9/14/2017 4:30,31.1
9/14/2017 4:45,31.1
9/14/2017 5:00,29.4
9/14/2017 5:15,29.9
9/14/2017 5:30,31.1
9/14/2017 5:45,30.5
9/14/2017 6:00,31.1
9/14/2017 6:15,29.4
9/14/2017 6:30,30.5
9/14/2017 6:45,30.5
9/14/2017 7:00,31.1
9/14/2017 7:15,30.5
9/14/2017 7:30,30.5
9/14/2017 7:45,30.5
9/14/2017 8:00,30.5
9/14/2017 8:15,31.1
9/14/2017 8:30,30.5
9/14/2017 8:45,31.7
9/14/2017 9:00,31.7
9/14/2017 9:15,31.7
9/14/2017 9:30,30.5
9/14/2017 9:45,31.1
9/14/2017 10:00,30.5
9/14/2017 10:15,31.7
9/14/2017 10:30,31.1
9/14/2017 10:45,31.7
9/14/2017 11:00,31.7
9/14/2017 11:15,32.3
9/14/2017 11:30,32.3
9/14/2017 11:45,33
9/14/2017 12:00,31.7
9/14/2017 12:15,33
9/14/2017 12:30,33
9/14/2017 12:45,31.1
9/14/2017 13:00,33
9/14/2017 13:15,32.3
9/14/2017 13:30,33
9/14/2017 13:45,32.3
9/14/2017 14:00,33.6
9/14/2017 14:15,31.1
9/14/2017 14:30,32.3
9/14/2017 14:45,33
9/14/2017 15:00,33
9/14/2017 15:15,33.6
9/14/2017 15:30,31.7
9/14/2017 15:45,33
9/14/2017 16:00,33
9/14/2017 16:15,33
9/14/2017 16:30,34.2
9/14/2017 16:45,33.6
9/14/2017 17:00,32.9
9/14/2017 17:15,33.6
9/14/2017 17:30,32.3
9/14/2017 17:45,32.3
9/14/2017 18:00,32.3
9/14/2017 18:15,32.3
9/14/2017 18:30,32.3
9/14/2017 18:45,33.6
9/14/2017 19:00,32.9
9/14/2017 19:15,32.3
9/14/2017 19:30,32.3
9/14/2017 19:45,32.9
9/14/2017 20:00,32.9
9/14/2017 20:15,31.7
9/14/2017 20:30,31.7
9/14/2017 20:45,31.7
9/14/2017 21:00,31.7
9/14/2017 21:15,32.9
9/14/2017 21:30,32.3
9/14/2017 21:45,31.7
9/14/2017 22:00,31.7
9/14/2017 22:15,31.1
9/14/2017 22:30,31.1
9/14/2017 22:45,31.1
9/14/2017 23:00,31.1
9/14/2017 23:15,31.7
9/14/2017 23:30,30.5
9/14/2017 23:45,31.1
9/15/2017 0:00,31.1
9/15/2017 0:15,30.5
9/15/2017 0:30,32.3
9/15/2017 0:45,31.7
9/15/2017 1:00,32.3
9/15/2017 1:15,30.5
9/15/2017 1:30,30.5
9/15/2017 1:45,31.7
9/15/2017 2:00,31.7
9/15/2017 2:15,31.7
9/15/2017 2:30,30.5
9/15/2017 2:45,30.5
9/15/2017 3:00,31.7
9/15/2017 3:15,30.5
9/15/2017 3:30,31.7
9/15/2017 3:45,31.1
9/15/2017 4:00,30.5
9/15/2017 4:15,29.9
9/15/2017 4:30,30.5
9/15/2017 4:45,29.9
9/15/2017 5:00,31.7
9/15/2017 5:15,30.5
9/15/2017 5:30,31.1
9/15/2017 5:45,31.1
9/15/2017 6:00,29.9
9/15/2017 6:15,30.5
9/15/2017 6:30,31.7
9/15/2017 6:45,30.5
9/15/2017 7:00,29.9
9/15/2017 7:15,31.1
9/15/2017 7:30,30.5
9/15/2017 7:45,29.9
9/15/2017 8:00,31.7
9/15/2017 8:15,31.7
9/15/2017 8:30,31.1
9/15/2017 8:45,29.9
9/15/2017 9:00,31.7
9/15/2017 9:15,31.1
9/15/2017 9:30,31.1
9/15/2017 9:45,31.1
9/15/2017 10:00,30.5
9/15/2017 10:15,31.1
9/15/2017 10:30,31.7
9/15/2017 10:45,32.3
9/15/2017 11:00,30.5
9/15/2017 11:15,32.3
9/15/2017 11:30,31.1
9/15/2017 11:45,32.3
9/15/2017 12:00,31.1
9/15/2017 12:15,32.3
9/15/2017 12:30,31.1
9/15/2017 12:45,32.3
9/15/2017 13:00,32.3
9/15/2017 13:15,30.5
9/15/2017 13:30,32.3
9/15/2017 13:45,31.1
9/15/2017 14:00,31.7
9/15/2017 14:15,31.1
9/15/2017 14:30,31.7
9/15/2017 14:45,32.9
9/15/2017 15:00,31.7
9/15/2017 15:15,32.9
9/15/2017 15:30,31
9/15/2017 15:45,32.9
9/15/2017 16:00,32.3
9/15/2017 16:15,32.3
9/15/2017 16:30,32.3
9/15/2017 16:45,32.3
9/15/2017 17:00,32.9
9/15/2017 17:15,32.9
9/15/2017 17:30,32.9
9/15/2017 17:45,31
9/15/2017 18:00,31.6
9/15/2017 18:15,32.3
9/15/2017 18:30,32.9
9/15/2017 18:45,32.3
9/15/2017 19:00,32.3
9/15/2017 19:15,32.9
9/15/2017 19:30,31
9/15/2017 19:45,31
9/15/2017 20:00,31
9/15/2017 20:15,31
9/15/2017 20:30,31
9/15/2017 20:45,30.4
9/15/2017 21:00,31
9/15/2017 21:15,30.4
9/15/2017 21:30,31.6
9/15/2017 21:45,31
9/15/2017 22:00,30.4
9/15/2017 22:15,31
9/15/2017 22:30,30.4
9/15/2017 22:45,30.4
9/15/2017 23:00,31
9/15/2017 23:15,29.8
9/15/2017 23:30,30.4
9/15/2017 23:45,29.8
9/16/2017 0:00,29.8
9/16/2017 0:15,30.4
9/16/2017 0:30,29.8
9/16/2017 0:45,28.6
9/16/2017 1:00,29.8
9/16/2017 1:15,30.4
9/16/2017 1:30,28.6
9/16/2017 1:45,29.8
9/16/2017 2:00,29.8
9/16/2017 2:15,28.6
9/16/2017 2:30,29.2
9/16/2017 2:45,29.2
9/16/2017 3:00,28.6
9/16/2017 3:15,28.6
9/16/2017 3:30,28.1
9/16/2017 3:45,28.1
9/16/2017 4:00,28.6
9/16/2017 4:15,28.6
9/16/2017 4:30,28.6
9/16/2017 4:45,28.6
9/16/2017 5:00,28.6
9/16/2017 5:15,29.2
9/16/2017 5:30,29.8
9/16/2017 5:45,29.2
9/16/2017 6:00,29.8
9/16/2017 6:15,28.6
9/16/2017 6:30,29.2
9/16/2017 6:45,29.2
9/16/2017 7:00,30.4
9/16/2017 7:15,29.8
9/16/2017 7:30,30.4
9/16/2017 7:45,31
9/16/2017 8:00,31
9/16/2017 8:15,30.4
9/16/2017 8:30,31.6
9/16/2017 8:45,31
9/16/2017 9:00,31
9/16/2017 9:15,30.4
9/16/2017 9:30,31.6
9/16/2017 9:45,31
9/16/2017 10:00,31
9/16/2017 10:15,32.2
9/16/2017 10:30,32.2
9/16/2017 10:45,31.6
9/16/2017 11:00,31.6
9/16/2017 11:15,32.2
9/16/2017 11:30,32.2
9/16/2017 11:45,31.6
9/16/2017 12:00,32.8
9/16/2017 12:15,33.4
9/16/2017 12:30,32.2
9/16/2017 12:45,32.8
9/16/2017 13:00,32.8
9/16/2017 13:15,32.2
9/16/2017 13:30,33.4
9/16/2017 13:45,32.8
9/16/2017 14:00,32.8
9/16/2017 14:15,32.8
9/16/2017 14:30,33.4
9/16/2017 14:45,32.2
9/16/2017 15:00,32.2
9/16/2017 15:15,33.4
9/16/2017 15:30,33.4
9/16/2017 15:45,33.4
9/16/2017 16:00,31.6
9/16/2017 16:15,31.6
9/16/2017 16:30,33.4
9/16/2017 16:45,31.6
9/16/2017 17:00,32.2
9/16/2017 17:15,32.8
9/16/2017 17:30,33.4
9/16/2017 17:45,32.8
9/16/2017 18:00,32.8
9/16/2017 18:15,32.8
9/16/2017 18:30,32.8
9/16/2017 18:45,32.2
9/16/2017 19:00,31.6
9/16/2017 19:15,32.2
9/16/2017 19:30,31.6
9/16/2017 19:45,32.2
9/16/2017 20:00,31
9/16/2017 20:15,32.2
9/16/2017 20:30,31.6
9/16/2017 20:45,31
9/16/2017 21:00,31
9/16/2017 21:15,31.6
9/16/2017 21:30,32.2
9/16/2017 21:45,30.4
9/16/2017 22:00,30.4
9/16/2017 22:15,31
9/16/2017 22:30,30.4
9/16/2017 22:45,31
9/16/2017 23:00,29.8
9/16/2017 23:15,30.4
9/16/2017 23:30,30.4
9/16/2017 23:45,29.8
